Ant_subfamily,Ant_species,Plant_family,Plant_species
Dolichoderinae,Azteca_alfori,Euphorbiaceae,Acalypha_skutchii
Formicinae,Camponotus_integellus,Euphorbiaceae,Acalypha_skutchii
Myrmicinae,Pheidole_sp1,Euphorbiaceae,Acalypha_skutchii
Formicinae,Camponotus_plantatus,Arecaceae,Astrocarium_mexicanum
Formicinae,Camponotus_plantatus,Arecaceae,Astrocarium_mexicanum
Formicinae,Camponotus_raphaelis,Arecaceae,Astrocarium_mexicanum
Myrmicinae,Cephalotes_pallens,Arecaceae,Astrocarium_mexicanum
Dolichoderinae,Dolichoderus_bispinosus,Arecaceae,Astrocarium_mexicanum
Dolichoderinae,Dolichoderus_bispinosus,Arecaceae,Astrocarium_mexicanum
Myrmicinae,Pheidole_dossera,Arecaceae,Astrocarium_mexicanum
Myrmicinae,Pheidole_dossera,Arecaceae,Astrocarium_mexicanum
Myrmicinae,Pheidole_sp1,Arecaceae,Astrocarium_mexicanum
Pseudomyrmecinae,Pseudomyrmex_boopis,Arecaceae,Astrocarium_mexicanum
Pseudomyrmecinae,Pseudomyrmex_salvini,Arecaceae,Astrocarium_mexicanum
Myrmicinae,Temnothorax_sp1,Arecaceae,Astrocarium_mexicanum
Myrmicinae,Wasmannia_auropunctata,Arecaceae,Astrocarium_mexicanum
Ponerinae,Neoponera_villosa,Malpighiaceae,Bunchosia_lindanna
Myrmicinae,Atta_cephalotes,Costaceae,Costus_scaber
Dolichoderinae,Dolichoderus_bispinosus,Costaceae,Costus_scaber
Ponerinae,Neoponera_apicalis,Costaceae,Costus_scaber
Ponerinae,Platythyrea_punctata,Costaceae,Costus_scaber
Myrmicinae,Pheidole_sp2,Fabaceae,Dussia_mexicana
Formicinae,Camponotus_novogranadensis,Fabaceae,Inga_sinacae
Dolichoderinae,Dolichoderus_bispinosus,Fabaceae,Inga_sinacae
Pseudomyrmecinae,Pseudomyrmex_boopis,Fabaceae,Inga_sinacae
Pseudomyrmecinae,Pseudomyrmex_salvini,Fabaceae,Inga_sinacae
Dolichoderinae,Dolichoderus_bispinosus,Euphorbiaceae,Omphalea_deifera
Myrmicinae,Pheidole_sp1,Euphorbiaceae,Omphalea_deifera
Formicinae,Camponotus_sanctafidei,Piperaceae,Piper_aecuale
Myrmicinae,Pheidole_sp2,Piperaceae,Piper_aecuale
Myrmicinae,Procryptocerus_paleatus,Piperaceae,Piper_aecuale
Dolichoderinae,Dolichoderus_lutosus,Sapotaceae,Pouteria_reticulata
Myrmicinae,Pheidole_sp2,Sapotaceae,Pouteria_reticulata
Dolichoderinae,Azteca_nigra,Rubiaceae,Psychotria_simiarum
Formicinae,Camponotus_sericeventris,Rubiaceae,Psychotria_simiarum
Dolichoderinae,Dolichoderus_lutosus,Rubiaceae,Psychotria_simiarum
Myrmicinae,Pheidole_sp1,Rubiaceae,Psychotria_simiarum
Pseudomyrmecinae,Pseudomyrmex_salvini,Rubiaceae,Psychotria_simiarum
Pseudomyrmecinae,Pseudomyrmex_simplex,Rubiaceae,Psychotria_simiarum
Dolichoderinae,Azteca_nigra,Arecaceae,Reinhardtia_gracilis
Formicinae,Camponotus_novogranadensis,Siparunaceae,Siparuna_andina
Dolichoderinae,Dolichoderus_bispinosus,Siparunaceae,Siparuna_andina
Dolichoderinae,Azteca_nigra,Araceae,Spathiphyllum_cochlarispatum
Formicinae,Camponotus_novogranadensis,Araceae,Spathiphyllum_cochlarispatum
Dolichoderinae,Dolichoderus_bispinosus,Araceae,Spathiphyllum_cochlarispatum
Dolichoderinae,Dolichoderus_bispinosus,Araceae,Spathiphyllum_cochlarispatum
Ponerinae,Neoponera_sp1,Araceae,Spathiphyllum_cochlarispatum
Myrmicinae,Pheidole_dossera,Araceae,Spathiphyllum_cochlarispatum
Myrmicinae,Pheidole_dossera,Araceae,Spathiphyllum_cochlarispatum
Myrmicinae,Pheidole_sp2,Araceae,Spathiphyllum_cochlarispatum
Formicinae,Camponotus_plantatus,Moraceae,Trophis_racemosa
Dolichoderinae,Dolichoderus_bispinosus,Moraceae,Trophis_racemosa
Myrmicinae,Pheidole_dossera,Moraceae,Trophis_racemosa
Myrmicinae,Pheidole_dossera,Moraceae,Trophis_racemosa
Pseudomyrmecinae,Pseudomyrmex_subater,Moraceae,Trophis_racemosa
Dolichoderinae,Dolichoderus_bispinosus,Unidentified,Unidentified_sp1
Pseudomyrmecinae,Pseudomyrmex_salvini,Unidentified,Unidentified_sp1
Ponerinae,Neoponera_unidentata,Vochysiaceae,Vochysia_hondurensis
Pseudomyrmecinae,Pseudomyrmex_subater,Fabaceae,Acacia_cornigera
Pseudomyrmecinae,Pseudomyrmex_salvini,Bromeliaceae,Aechmea_sp1
Ponerinae,Neoponera_unidentata,Euphorbiaceae,Croton_shiedianus
Formicinae,Camponotus_linnaei,Sapindaceae,Cupania_dentata
Formicinae,Camponotus_plantatus,Sapindaceae,Cupania_dentata
Dolichoderinae,Azteca_nigra,Araceae,Dieffenbachia_seguine
Formicinae,Camponotus_plantatus,Araceae,Dieffenbachia_seguine
Pseudomyrmecinae,Pseudomyrmex_salvini,Araceae,Dieffenbachia_seguine
Pseudomyrmecinae,Pseudomyrmex_salvini,Meliaceae,Guarea_grandifolia
Dolichoderinae,Azteca_nigra,Urticaceae,Myriocarpa_longipes
Formicinae,Camponotus_plantatus,Urticaceae,Myriocarpa_longipes
Ponerinae,Neoponera_unidentata,Urticaceae,Myriocarpa_longipes
Myrmicinae,Cephalotes_scutulatus,Lauraceae,Nectandra_ambigens
Dolichoderinae,Dolichoderus_bispinosus,Lauraceae,Nectandra_ambigens
Pseudomyrmecinae,Pseudomyrmex_gracilis,Lauraceae,Nectandra_ambigens
Formicinae,Camponotus_linnaei,Primulaceae,Parathesis_macronema
Formicinae,Camponotus_plantatus,Primulaceae,Parathesis_macronema
Formicinae,Camponotus_plantatus,Primulaceae,Parathesis_macronema
Formicinae,Camponotus_plantatus,Primulaceae,Parathesis_macronema
Formicinae,Camponotus_plantatus,Primulaceae,Parathesis_macronema
Formicinae,Camponotus_plantatus,Primulaceae,Parathesis_macronema
Formicinae,Camponotus_plantatus,Primulaceae,Parathesis_macronema
Myrmicinae,Cephalotes_scutulatus,Primulaceae,Parathesis_macronema
Dolichoderinae,Dolichoderus_bispinosus,Primulaceae,Parathesis_macronema
Dolichoderinae,Dolichoderus_bispinosus,Primulaceae,Parathesis_macronema
Ponerinae,Neoponera_unidentata,Primulaceae,Parathesis_macronema
Pseudomyrmecinae,Pseudomyrmex_boopis,Primulaceae,Parathesis_macronema
Pseudomyrmecinae,Pseudomyrmex_ferrugineus,Primulaceae,Parathesis_macronema
Pseudomyrmecinae,Pseudomyrmex_ferrugineus,Primulaceae,Parathesis_macronema
Pseudomyrmecinae,Pseudomyrmex_ferrugineus,Primulaceae,Parathesis_macronema
Pseudomyrmecinae,Pseudomyrmex_salvini,Primulaceae,Parathesis_macronema
Pseudomyrmecinae,Pseudomyrmex_salvini,Primulaceae,Parathesis_macronema
Pseudomyrmecinae,Pseudomyrmex_salvini,Primulaceae,Parathesis_macronema
Pseudomyrmecinae,Pseudomyrmex_simplex,Primulaceae,Parathesis_macronema
Pseudomyrmecinae,Pseudomyrmex_subater,Primulaceae,Parathesis_macronema
Myrmicinae,Temnothorax_sp1,Primulaceae,Parathesis_macronema
Myrmicinae,Temnothorax_sp1,Primulaceae,Parathesis_macronema
Formicinae,Camponotus_plantatus,Myrtaceae,Pimenta_dioica
Formicinae,Camponotus_novogranadensis,Araceae,Syngonium_podophylum
Formicinae,Camponotus_plantatus,Meliaceae,Trichilia_minutiflora
Dolichoderinae,Dolichoderus_bispinosus,Meliaceae,Trichilia_minutiflora
Pseudomyrmecinae,Pseudomyrmex_simplex,Meliaceae,Trichilia_minutiflora
Formicinae,Camponotus_plantatus,Moraceae,Trophis_racemosa
Pseudomyrmecinae,Pseudomyrmex_ferrugineus,Moraceae,Trophis_racemosa
Pseudomyrmecinae,Pseudomyrmex_salvini,Rutaceae,Zanthoxylum_procerum
Myrmicinae,Wasmannia_auropunctata,Fabaceae,Albizia_purpusii
Formicinae,Camponotus_plantatus,Capparaceae,Capparis_sp1
Dolichoderinae,Dolichoderus_bispinosus,Capparaceae,Capparis_sp1
Pseudomyrmecinae,Pseudomyrmex_ferrugineus,Capparaceae,Capparis_sp1
Formicinae,Camponotus_plantatus,Arecaceae,Desmoncus_orthacanthos
Formicinae,Camponotus_linnaei,Araceae,Dieffenbachia_seguine
Formicinae,Camponotus_plantatus,Araceae,Dieffenbachia_seguine
Formicinae,Camponotus_plantatus,Araceae,Dieffenbachia_seguine
Myrmicinae,Cephalotes_scutulatus,Araceae,Dieffenbachia_seguine
Dolichoderinae,Dolichoderus_bispinosus,Araceae,Dieffenbachia_seguine
Dolichoderinae,Dolichoderus_bispinosus,Araceae,Dieffenbachia_seguine
Myrmicinae,Pheidole_sp1,Araceae,Dieffenbachia_seguine
Pseudomyrmecinae,Pseudomyrmex_salvini,Araceae,Dieffenbachia_seguine
Pseudomyrmecinae,Pseudomyrmex_salvini,Araceae,Dieffenbachia_seguine
Formicinae,Camponotus_linnaei,Meliaceae,Guarea_glabra
Formicinae,Camponotus_novogranadensis,Meliaceae,Guarea_glabra
Formicinae,Camponotus_plantatus,Meliaceae,Guarea_glabra
Dolichoderinae,Dolichoderus_bispinosus,Meliaceae,Guarea_glabra
Pseudomyrmecinae,Pseudomyrmex_boopis,Meliaceae,Guarea_glabra
Pseudomyrmecinae,Pseudomyrmex_salvini,Malvaceae,Hampea_nutricia
Ponerinae,Neoponera_unidentata,Heliconiaceae,Heliconia_uxpanapensis
Formicinae,Camponotus_novogranadensis,Annonaceae,Malmea_sp1
Formicinae,Camponotus_plantatus,Annonaceae,Malmea_sp1
Dolichoderinae,Dolichoderus_bispinosus,Annonaceae,Malmea_sp1
Formicinae,Camponotus_plantatus,Urticaceae,Myriocarpa_longipes
Formicinae,Camponotus_sanctafidei,Urticaceae,Myriocarpa_longipes
Pseudomyrmecinae,Pseudomyrmex_salvini,Urticaceae,Myriocarpa_longipes
Pseudomyrmecinae,Pseudomyrmex_simplex,Urticaceae,Myriocarpa_longipes
Myrmicinae,Wasmannia_auropunctata,Urticaceae,Myriocarpa_longipes
Dolichoderinae,Azteca_nigra,Violaceae,Orthion_oblanceolatum
Formicinae,Camponotus_linnaei,Violaceae,Orthion_oblanceolatum
Formicinae,Camponotus_novogranadensis,Violaceae,Orthion_oblanceolatum
Formicinae,Camponotus_novogranadensis,Violaceae,Orthion_oblanceolatum
Formicinae,Camponotus_plantatus,Violaceae,Orthion_oblanceolatum
Formicinae,Camponotus_plantatus,Violaceae,Orthion_oblanceolatum
Formicinae,Camponotus_plantatus,Violaceae,Orthion_oblanceolatum
Dolichoderinae,Dolichoderus_bispinosus,Violaceae,Orthion_oblanceolatum
Myrmicinae,Monomorium_floricola,Violaceae,Orthion_oblanceolatum
Ponerinae,Neoponera_unidentata,Violaceae,Orthion_oblanceolatum
Ponerinae,Neoponera_unidentata,Violaceae,Orthion_oblanceolatum
Pseudomyrmecinae,Pseudomyrmex_ferrugineus,Violaceae,Orthion_oblanceolatum
Myrmicinae,Temnothorax_sp1,Violaceae,Orthion_oblanceolatum
Formicinae,Camponotus_plantatus,Salicaceae,Pleuranthodendron_lindenii
Dolichoderinae,Dolichoderus_bispinosus,Moraceae,Poulsenia_armata
Myrmicinae,Monomorium_floricola,Moraceae,Poulsenia_armata
Formicinae,Camponotus_plantatus,Rubiaceae,Psychotria_papantlensis
Pseudomyrmecinae,Pseudomyrmex_salvini,Rubiaceae,Psychotria_papantlensis
Dolichoderinae,Azteca_alfori,Moraceae,Trophis_racemosa
Formicinae,Camponotus_plantatus,Moraceae,Trophis_racemosa
Myrmicinae,Pheidole_sp3,Moraceae,Trophis_racemosa
Myrmicinae,Temnothorax_sp2,Marantaceae,Calathea_lutea
Formicinae,Camponotus_novogranadensis,Myrtaceae,Eugenia_acapulcensis
Myrmicinae,Temnothorax_sp2,Myrtaceae,Eugenia_acapulcensis
Myrmicinae,Pheidole_sp1,Heliconiaceae,Heliconia_uxpanapensis
Pseudomyrmecinae,Pseudomyrmex_salvini,Heliconiaceae,Heliconia_uxpanapensis
Formicinae,Camponotus_novogranadensis,Asteraceae,Koanophyllon_pittieri
Dolichoderinae,Dolichoderus_bispinosus,Asteraceae,Koanophyllon_pittieri
Pseudomyrmecinae,Pseudomyrmex_ferrugineus,Asteraceae,Koanophyllon_pittieri
Pseudomyrmecinae,Pseudomyrmex_gracilis,Asteraceae,Koanophyllon_pittieri
Myrmicinae,Temnothorax_sp2,Asteraceae,Koanophyllon_pittieri
Ponerinae,Neoponera_unidentata,Araceae,Monstera_tuberculata
Dolichoderinae,Dolichoderus_bispinosus,Violaceae,Orthion_oblanceolatum
Formicinae,Camponotus_linnaei,Primulaceae,Parathesis_lenticellata
Ponerinae,Neoponera_unidentata,Primulaceae,Parathesis_lenticellata
Myrmicinae,Pheidole_ferrugineus,Primulaceae,Parathesis_lenticellata
Formicinae,Camponotus_plantatus,Piperaceae,Piper_hispidum
Myrmicinae,Temnothorax_sp1,Piperaceae,Piper_hispidum
Formicinae,Camponotus_linnaei,Piperaceae,Piper_sanctum
Ponerinae,Neoponera_unidentata,Piperaceae,Piper_sanctum
Formicinae,Camponotus_sanctafidei,Moraceae,Poulsenia_armata
Pseudomyrmecinae,Pseudomyrmex_gracilis,Moraceae,Poulsenia_armata
Myrmicinae,Crematogaster_sumichrasti,Clusiaceae ,Rheedia_edulis
Formicinae,Camponotus_sericeventris,Violaceae,Rinorea_humelii
Myrmicinae,Temnothorax_sp2,Violaceae,Rinorea_humelii
Myrmicinae,Temnothorax_sp2,Violaceae,Rinorea_humelii
Dolichoderinae,Dolichoderus_bispinosus,Meliaceae,Trichilia_martiana
Myrmicinae,Temnothorax_sp2,Meliaceae,Trichilia_martiana
Dolichoderinae,Azteca_forelii,Moraceae,Trophis_racemosa
Formicinae,Camponotus_linnaei,Moraceae,Trophis_racemosa
Formicinae,Camponotus_novogranadensis,Moraceae,Trophis_racemosa
Dolichoderinae,Dolichoderus_bispinosus,Moraceae,Trophis_racemosa
Myrmicinae,Procryptocerus_paleatus,Moraceae,Trophis_racemosa
Myrmicinae,Procryptocerus_paleatus,Moraceae,Trophis_racemosa
Pseudomyrmecinae,Pseudomyrmex_gracilis,Moraceae,Trophis_racemosa
Pseudomyrmecinae,Pseudomyrmex_gracilis,Moraceae,Trophis_racemosa
Pseudomyrmecinae,Pseudomyrmex_gracilis,Moraceae,Trophis_racemosa
Pseudomyrmecinae,Pseudomyrmex_simplex,Moraceae,Trophis_racemosa
Myrmicinae,Temnothorax_sp2,Moraceae,Trophis_racemosa
Myrmicinae,Temnothorax_sp2,Moraceae,Trophis_racemosa
Formicinae,Camponotus_novogranadensis,Vochysiaceae,Vochysia_hondurensis
Formicinae,Camponotus_novogranadensis,Vochysiaceae,Vochysia_hondurensis
Myrmicinae,Procryptocerus_paleatus,Vochysiaceae,Vochysia_hondurensis
Pseudomyrmecinae,Pseudomyrmex_boopis,Vochysiaceae,Vochysia_hondurensis
Pseudomyrmecinae,Pseudomyrmex_salvini,Vochysiaceae,Vochysia_hondurensis
Formicinae,Camponotus_plantatus,Rubiaceae,Alibertia_edulis
Formicinae,Camponotus_sanctafidei,Rubiaceae,Alibertia_edulis
Dolichoderinae,Dolichoderus_bispinosus,Rubiaceae,Alibertia_edulis
Pseudomyrmecinae,Pseudomyrmex_simplex,Rubiaceae,Alibertia_edulis
Pseudomyrmecinae,Pseudomyrmex_simplex,Rubiaceae,Alibertia_edulis
Dolichoderinae,Azteca_alfori,Bignoniaceae,Arrabidaea_sp1
Formicinae,Camponotus_plantatus,Bignoniaceae,Arrabidaea_sp1
Pseudomyrmecinae,Pseudomyrmex_gracilis,Bignoniaceae,Arrabidaea_sp1
Formicinae,Camponotus_plantatus,Arecaceae,Astrocarium_mexicanum
Formicinae,Colobopsis_abdeta,Arecaceae,Astrocarium_mexicanum
Dolichoderinae,Azteca_nigra,Boraginaceae,Cordia_stenoclada
Formicinae,Camponotus_sanctafidei,Boraginaceae,Cordia_stenoclada
Myrmicinae,Cephalotes_scutulatus,Boraginaceae,Cordia_stenoclada
Myrmicinae,Cephalotes_scutulatus,Boraginaceae,Cordia_stenoclada
Dolichoderinae,Dolichoderus_bispinosus,Boraginaceae,Cordia_stenoclada
Pseudomyrmecinae,Pseudomyrmex_boopis,Boraginaceae,Cordia_stenoclada
Pseudomyrmecinae,Pseudomyrmex_simplex,Boraginaceae,Cordia_stenoclada
Pseudomyrmecinae,Pseudomyrmex_simplex,Boraginaceae,Cordia_stenoclada
Myrmicinae,Solenopsis_geminata,Boraginaceae,Cordia_stenoclada
Myrmicinae,Cephalotes_umbraculatus,Fabaceae,Erythrina_folkersii
Myrmicinae,Temnothorax_sp2,Fabaceae,Erythrina_folkersii
Formicinae,Camponotus_novogranadensis,Myrtaceae,Eugenia_capuli
Dolichoderinae,Dolichoderus_bispinosus,Myrtaceae,Eugenia_capuli
Pseudomyrmecinae,Pseudomyrmex_simplex,Myrtaceae,Eugenia_capuli
Dolichoderinae,Azteca_nigra,Solanaceae,Solanaceae_sp1
Myrmicinae,Cephalotes_umbraculatus,Solanaceae,Solanaceae_sp1
Pseudomyrmecinae,Pseudomyrmex_ferrugineus,Solanaceae,Solanaceae_sp1
Dolichoderinae,Azteca_forelii,Malvaceae,Malvaviscus_arboreus
Dolichoderinae,Azteca_nigra,Malvaceae,Malvaviscus_arboreus
Dolichoderinae,Azteca_nigra,Malvaceae,Malvaviscus_arboreus
Formicinae,Camponotus_plantatus,Malvaceae,Malvaviscus_arboreus
Formicinae,Camponotus_sanctafidei,Malvaceae,Malvaviscus_arboreus
Myrmicinae,Crematogaster_cunnspinosa,Malvaceae,Malvaviscus_arboreus
Pseudomyrmecinae,Pseudomyrmex_salvini,Malvaceae,Malvaviscus_arboreus
Pseudomyrmecinae,Pseudomyrmex_simplex,Malvaceae,Malvaviscus_arboreus
Pseudomyrmecinae,Pseudomyrmex_simplex,Malvaceae,Malvaviscus_arboreus
Pseudomyrmecinae,Pseudomyrmex_subater,Malvaceae,Malvaviscus_arboreus
Myrmicinae,Temnothorax_sp2,Malvaceae,Malvaviscus_arboreus
Formicinae,Camponotus_sericeventris,Malvaceae,Pachira_aquatica
Pseudomyrmecinae,Pseudomyrmex_ferrugineus,Malvaceae,Pachira_aquatica
Formicinae,Camponotus_linnaei,Primulaceae,Parathesis_conzattii
Formicinae,Camponotus_linnaei,Primulaceae,Parathesis_conzattii
Formicinae,Camponotus_novogranadensis,Primulaceae,Parathesis_conzattii
Formicinae,Camponotus_plantatus,Primulaceae,Parathesis_conzattii
Myrmicinae,Cephalotes_cristatus,Primulaceae,Parathesis_conzattii
Myrmicinae,Crematogaster_cunnspinosa,Primulaceae,Parathesis_conzattii
Pseudomyrmecinae,Pseudomyrmex_ferrugineus,Primulaceae,Parathesis_conzattii
Pseudomyrmecinae,Pseudomyrmex_ferrugineus,Primulaceae,Parathesis_conzattii
Pseudomyrmecinae,Pseudomyrmex_simplex,Primulaceae,Parathesis_conzattii
Pseudomyrmecinae,Pseudomyrmex_simplex,Primulaceae,Parathesis_conzattii
Formicinae,Camponotus_plantatus,Primulaceae,Parathesis_lenticellata
Myrmicinae,Cephalotes_scutulatus,Primulaceae,Parathesis_lenticellata
Ponerinae,Neoponera_sp1,Primulaceae,Parathesis_lenticellata
Pseudomyrmecinae,Pseudomyrmex_ferrugineus,Primulaceae,Parathesis_lenticellata
Pseudomyrmecinae,Pseudomyrmex_simplex,Primulaceae,Parathesis_lenticellata
Dolichoderinae,Azteca_forelii,Araceae,Philodendrum_radiatum
Formicinae,Camponotus_plantatus,Araceae,Philodendrum_radiatum
Myrmicinae,Cephalotes_scutulatus,Araceae,Philodendrum_radiatum
Dolichoderinae,Azteca_nigra,Piperaceae,Piper_aductum
Myrmicinae,Cephalotes_cristatus,Piperaceae,Piper_aductum
Myrmicinae,Cephalotes_cristatus,Piperaceae,Piper_aductum
Myrmicinae,Crematogaster_cunnspinosa,Piperaceae,Piper_aductum
Pseudomyrmecinae,Pseudomyrmex_ferrugineus,Piperaceae,Piper_aductum
Myrmicinae,Temnothorax_sp2,Piperaceae,Piper_aductum
Formicinae,Camponotus_novogranadensis,Piperaceae,Piper_aecuale
Myrmicinae,Crematogaster_cunnspinosa,Piperaceae,Piper_aecuale
Pseudomyrmecinae,Pseudomyrmex_salvini,Piperaceae,Piper_aecuale
Myrmicinae,Temnothorax_sp2,Piperaceae,Piper_aecuale
Formicinae,Camponotus_plantatus,Piperaceae,Piper_lapathifolium
Myrmicinae,Crematogaster_cunnspinosa,Piperaceae,Piper_lapathifolium
Formicinae,Camponotus_plantatus,Solanaceae,Solanaceae_sp1
Formicinae,Camponotus_novogranadensis,Araceae,Spathiphyllum_cochlarispatum
Formicinae,Camponotus_sanctafidei,Araceae,Spathiphyllum_cochlarispatum
Myrmicinae,Cephalotes_cristatus,Araceae,Spathiphyllum_cochlarispatum
Pseudomyrmecinae,Pseudomyrmex_ferrugineus,Araceae,Spathiphyllum_cochlarispatum
Pseudomyrmecinae,Pseudomyrmex_simplex,Araceae,Spathiphyllum_cochlarispatum
Formicinae,Camponotus_plantatus,Fabaceae,Acacia_cornigera
Pseudomyrmecinae,Pseudomyrmex_ferrugineus,Fabaceae,Acacia_cornigera
Pseudomyrmecinae,Pseudomyrmex_salvini,Fabaceae,Acacia_cornigera
Formicinae,Camponotus_linnaei,Solanaceae,Cestrum_glanduliferum
Formicinae,Camponotus_plantatus,Solanaceae,Cestrum_glanduliferum
Formicinae,Camponotus_plantatus,Solanaceae,Cestrum_glanduliferum
Formicinae,Camponotus_plantatus,Solanaceae,Cestrum_glanduliferum
Formicinae,Camponotus_plantatus,Solanaceae,Cestrum_glanduliferum
Formicinae,Camponotus_plantatus,Solanaceae,Cestrum_glanduliferum
Formicinae,Camponotus_plantatus,Solanaceae,Cestrum_glanduliferum
Dolichoderinae,Dolichoderus_bispinosus,Solanaceae,Cestrum_glanduliferum
Dolichoderinae,Dolichoderus_lutosus,Solanaceae,Cestrum_glanduliferum
Pseudomyrmecinae,Pseudomyrmex_gracilis,Solanaceae,Cestrum_glanduliferum
Pseudomyrmecinae,Pseudomyrmex_salvini,Solanaceae,Cestrum_glanduliferum
Pseudomyrmecinae,Pseudomyrmex_salvini,Solanaceae,Cestrum_glanduliferum
Pseudomyrmecinae,Pseudomyrmex_salvini,Solanaceae,Cestrum_glanduliferum
Pseudomyrmecinae,Pseudomyrmex_simplex,Solanaceae,Cestrum_glanduliferum
Myrmicinae,Solenopsis_geminata,Solanaceae,Cestrum_glanduliferum
Dolichoderinae,Azteca_forelii,Euphorbiaceae,Cnidosculos_multilobus
Formicinae,Camponotus_plantatus,Euphorbiaceae,Cnidosculos_multilobus
Pseudomyrmecinae,Pseudomyrmex_gracilis,Euphorbiaceae,Cnidosculos_multilobus
Pseudomyrmecinae,Pseudomyrmex_salvini,Euphorbiaceae,Cnidosculos_multilobus
Pseudomyrmecinae,Pseudomyrmex_simplex,Euphorbiaceae,Cnidosculos_multilobus
Myrmicinae,Wasmannia_auropunctata,Euphorbiaceae,Cnidosculos_multilobus
Formicinae,Camponotus_plantatus,Euphorbiaceae,Croton_draco
Myrmicinae,Cephalotes_scutulatus,Euphorbiaceae,Croton_draco
Dolichoderinae,Dolichoderus_bispinosus,Euphorbiaceae,Croton_draco
Ponerinae,Odontomachus_laticeps,Euphorbiaceae,Croton_draco
Pseudomyrmecinae,Pseudomyrmex_salvini,Euphorbiaceae,Croton_draco
Dolichoderinae,Dolichoderus_bispinosus,Fabaceae,Dalbergia_glomerata
Heteroponerinae,Acanthoponera_minor,Araceae,Dieffenbachia_seguine
Formicinae,Camponotus_plantatus,Araceae,Dieffenbachia_seguine
Dolichoderinae,Dolichoderus_bispinosus,Araceae,Dieffenbachia_seguine
Pseudomyrmecinae,Pseudomyrmex_ferrugineus,Araceae,Dieffenbachia_seguine
Pseudomyrmecinae,Pseudomyrmex_simplex,Araceae,Dieffenbachia_seguine
Myrmicinae,Wasmannia_auropunctata,Araceae,Dieffenbachia_seguine
Formicinae,Camponotus_plantatus,Fabaceae,Lonchocarpus_guatemalensis
Pseudomyrmecinae,Pseudomyrmex_gracilis,Fabaceae,Lonchocarpus_guatemalensis
Pseudomyrmecinae,Pseudomyrmex_salvini,Fabaceae,Lonchocarpus_guatemalensis
Dolichoderinae,Dolichoderus_bispinosus,Convolvulaceae,Merremia_tuberosa
Formicinae,Camponotus_plantatus,Primulaceae,Parathesis_macronema
Formicinae,Camponotus_novogranadensis,Piperaceae,Piper_sp4
Formicinae,Camponotus_plantatus,Piperaceae,Piper_sp4
Pseudomyrmecinae,Pseudomyrmex_salvini,Rubiaceae,Psychotria_simiarum
Dolichoderinae,Dolichoderus_bispinosus,Solanaceae,Solanum_nudum
Myrmicinae,Pheidole_ferrugineus,Apocynaceae,Stemmadenia_donnell-smithii
Pseudomyrmecinae,Pseudomyrmex_salvini,Apocynaceae,Stemmadenia_donnell-smithii
Formicinae,Camponotus_plantatus,Araceae,Syngonium_podophylum
Pseudomyrmecinae,Pseudomyrmex_salvini,Apocynaceae,Tabernaemontana_alba
Ponerinae,Neoponera_unidentata,Euphorbiaceae,Acalypha_diversifolia
Myrmicinae,Pheidole_ursus,Euphorbiaceae,Acalypha_diversifolia
Ponerinae,Neoponera_unidentata,Malpighiaceae,Bunchosia_lindanna
Myrmicinae,Pheidole_ursus,Costaceae,Costus_dirzoe
Formicinae,Camponotus_plantatus,Urticaceae,Myriocarpa_longipes
Myrmicinae,Cephalotes_scutulatus,Urticaceae,Myriocarpa_longipes
Dolichoderinae,Dolichoderus_bispinosus,Urticaceae,Myriocarpa_longipes
Dolichoderinae,Dolichoderus_bispinosus,Urticaceae,Myriocarpa_longipes
Pseudomyrmecinae,Pseudomyrmex_ferrugineus,Urticaceae,Myriocarpa_longipes
Pseudomyrmecinae,Pseudomyrmex_simplex,Lauraceae,Ocotea_dendrodaphne
Ponerinae,Neoponera_unidentata,Violaceae,Orthion_oblanceolatum
Pseudomyrmecinae,Pseudomyrmex_simplex,Sapindaceae,Paullinia_venosa
Pseudomyrmecinae,Pseudomyrmex_ferrugineus,Piperaceae,Piper_sanctum
Myrmicinae,Cephalotes_scutulatus,Moraceae,Poulsenia_armata
Myrmicinae,Crematogaster_cunnspinosa,Moraceae,Poulsenia_armata
Pseudomyrmecinae,Pseudomyrmex_simplex,Moraceae,Poulsenia_armata
Myrmicinae,Pheidole_ursus,Sapotaceae,Pouteria_campechiana
Formicinae,Camponotus_linnaei,Rubiaceae,Psychotria_chiapensis
Pseudomyrmecinae,Pseudomyrmex_salvini,Rubiaceae,Psychotria_chiapensis
Ponerinae,Neoponera_unidentata,Violaceae,Rinorea_humelii
Pseudomyrmecinae,Pseudomyrmex_simplex,Boraginaceae,Rochefortia_lundellii
Formicinae,Camponotus_plantatus,Rubiaceae,Rondeletia_buddleioides
Myrmicinae,Cephalotes_scutulatus,Rubiaceae,Rondeletia_buddleioides
Pseudomyrmecinae,Pseudomyrmex_simplex,Rubiaceae,Rondeletia_buddleioides
Formicinae,Camponotus_plantatus,Siparunaceae,Siparuna_andina
Dolichoderinae,Dolichoderus_bispinosus,Siparunaceae,Siparuna_andina
Formicinae,Camponotus_plantatus,Araceae,Syngonium_podophylum
Myrmicinae,Cephalotes_scutulatus,Araceae,Syngonium_podophylum
Myrmicinae,Pheidole_ursus,Araceae,Syngonium_podophylum
Dolichoderinae,Azteca_nigra,Unidentified,Unidentified_sp2
Ponerinae,Neoponera_unidentata,Unidentified,Unidentified_sp2
Formicinae,Camponotus_plantatus,Unidentified,Unidentified_sp3
Pseudomyrmecinae,Pseudomyrmex_ferrugineus,Fabaceae,Acacia_cornigera
Pseudomyrmecinae,Pseudomyrmex_ferrugineus,Fabaceae,Acacia_mayana
Formicinae,Camponotus_sericeventris,Bromeliaceae,Aechmea_sp1
Formicinae,Camponotus_sericeventris,Lamiaceae,Aegiphila_costaricensis
Formicinae,Camponotus_linnaei,Myrtaceae,Eugenia_capuli
Formicinae,Camponotus_novogranadensis,Rubiaceae,Faramea_occidentalis
Formicinae,Camponotus_plantatus,Rubiaceae,Faramea_occidentalis
Formicinae,Camponotus_sericeventris,Rubiaceae,Faramea_occidentalis
Pseudomyrmecinae,Pseudomyrmex_ferrugineus,Rubiaceae,Faramea_occidentalis
Formicinae,Camponotus_plantatus,Malvaceae,Hampea_nutricia
Pseudomyrmecinae,Pseudomyrmex_ferrugineus,Malvaceae,Hampea_nutricia
Dolichoderinae,Azteca_nigra,Menispermaceae,Hyperbaena_mexicana
Formicinae,Camponotus_plantatus,Annonaceae,Malmea_sp1
Pseudomyrmecinae,Pseudomyrmex_salvini,Annonaceae,Malmea_sp1
Formicinae,Camponotus_novogranadensis,Araceae,Monstera_sp6
Dolichoderinae,Azteca_nigra,Lauraceae,Ocotea_dendrodaphne
Formicinae,Camponotus_plantatus,Lauraceae,Ocotea_dendrodaphne
Formicinae,Camponotus_plantatus,Lauraceae,Ocotea_dendrodaphne
Formicinae,Camponotus_sericeventris,Lauraceae,Ocotea_dendrodaphne
Ponerinae,Neoponera_villosa,Lauraceae,Ocotea_dendrodaphne
Pseudomyrmecinae,Pseudomyrmex_boopis,Rubiaceae,Posoqueria_latifolia
Pseudomyrmecinae,Pseudomyrmex_ferrugineus,Rubiaceae,Posoqueria_latifolia
Myrmicinae,Pheidole_ursus,Sapotaceae,Pouteria_reticulata
Dolichoderinae,Azteca_nigra,Rubiaceae,Psychotria_chiapensis
Formicinae,Camponotus_novogranadensis,Rubiaceae,Psychotria_chiapensis
Pseudomyrmecinae,Pseudomyrmex_ferrugineus,Rubiaceae,Psychotria_chiapensis
Formicinae,Camponotus_linnaei,Clusiaceae ,Rheedia_edulis
Formicinae,Camponotus_novogranadensis,Clusiaceae ,Rheedia_edulis
Formicinae,Camponotus_sp1,Clusiaceae ,Rheedia_edulis
Pseudomyrmecinae,Pseudomyrmex_ferrugineus,Clusiaceae ,Rheedia_edulis
Formicinae,Camponotus_plantatus,Euphorbiaceae,Sapium_sp1
Formicinae,Camponotus_linnaei,Araceae,Syngonium_podophylum
Formicinae,Camponotus_plantatus,Araceae,Syngonium_podophylum
Pseudomyrmecinae,Pseudomyrmex_salvini,Araceae,Syngonium_podophylum
Formicinae,Camponotus_novogranadensis,Apocynaceae,Tabernaemontana_alba
Formicinae,Camponotus_plantatus,Apocynaceae,Tabernaemontana_alba
Myrmicinae,Temnothorax_sp2,Apocynaceae,Tabernaemontana_alba
Myrmicinae,Pheidole_ursus,Vochysiaceae,Vochysia_hondurensis
Pseudomyrmecinae,Pseudomyrmex_boopis,Vochysiaceae,Vochysia_hondurensis
Dolichoderinae,Dolichoderus_bispinosus,Euphorbiaceae,Acalypha_diversifolia
Dolichoderinae,Azteca_forelii,Asteraceae,Calea_urticifolia
Formicinae,Camponotus_sanctafidei,Asteraceae,Calea_urticifolia
Myrmicinae,Cephalotes_scutulatus,Asteraceae,Calea_urticifolia
Myrmicinae,Cephalotes_scutulatus,Asteraceae,Calea_urticifolia
Myrmicinae,Crematogaster_cunnspinosa,Asteraceae,Calea_urticifolia
Dolichoderinae,Dolichoderus_lutosus,Asteraceae,Calea_urticifolia
Pseudomyrmecinae,Pseudomyrmex_simplex,Asteraceae,Calea_urticifolia
Formicinae,Camponotus_linnaei,Solanaceae,Cestrum_glanduliferum
Myrmicinae,Cephalotes_cristatus,Solanaceae,Cestrum_glanduliferum
Myrmicinae,Cephalotes_scutulatus,Solanaceae,Cestrum_glanduliferum
Dolichoderinae,Dolichoderus_bispinosus,Solanaceae,Cestrum_glanduliferum
Pseudomyrmecinae,Pseudomyrmex_boopis,Solanaceae,Cestrum_glanduliferum
Myrmicinae,Cephalotes_cristatus,Rutaceae,Citrus_aurantifolia
Dolichoderinae,Dolichoderus_bispinosus,Rutaceae,Citrus_aurantifolia
Pseudomyrmecinae,Pseudomyrmex_simplex,Rutaceae,Citrus_aurantifolia
Dolichoderinae,Dolichoderus_bispinosus,Euphorbiaceae,Croton_draco
Pseudomyrmecinae,Pseudomyrmex_simplex,Euphorbiaceae,Croton_draco
Formicinae,Camponotus_plantatus,Annonaceae,Cymbopetalum_baillonii
Formicinae,Camponotus_plantatus,Fabaceae,Inga_acrocephala
Dolichoderinae,Dolichoderus_bispinosus,Fabaceae,Inga_acrocephala
Pseudomyrmecinae,Pseudomyrmex_simplex,Fabaceae,Inga_acrocephala
Myrmicinae,Cephalotes_cristatus,Asteraceae,Koanophyllon_pittieri
Pseudomyrmecinae,Pseudomyrmex_simplex,Euphorbiaceae,Omphalea_deifera
Dolichoderinae,Dolichoderus_bispinosus,Sapindaceae,Paullinia_venosa
Pseudomyrmecinae,Pseudomyrmex_gracilis,Piperaceae,Piper_hispidum
Dolichoderinae,Dolichoderus_bispinosus,Salicaceae,Pleuranthodendron_lindenii
Pseudomyrmecinae,Pseudomyrmex_simplex,Salicaceae,Pleuranthodendron_lindenii
Formicinae,Nylanderia_sp1,Moraceae,Pseudolmedia_oxyphyllaria
Pseudomyrmecinae,Pseudomyrmex_simplex,Moraceae,Pseudolmedia_oxyphyllaria
Formicinae,Camponotus_novogranadensis,Siparunaceae,Siparuna_andina
Myrmicinae,Cephalotes_cristatus,Siparunaceae,Siparuna_andina
Dolichoderinae,Dolichoderus_bispinosus,Siparunaceae,Siparuna_andina
Dolichoderinae,Dolichoderus_bispinosus,Siparunaceae,Siparuna_andina
Pseudomyrmecinae,Pseudomyrmex_boopis,Siparunaceae,Siparuna_andina
Pseudomyrmecinae,Pseudomyrmex_simplex,Siparunaceae,Siparuna_andina
Pseudomyrmecinae,Pseudomyrmex_salvini,Araceae,Syngonium_podophylum
Formicinae,Camponotus_plantatus,Apocynaceae,Tabernaemontana_alba
Myrmicinae,Cephalotes_scutulatus,Apocynaceae,Tabernaemontana_alba
Myrmicinae,Cephalotes_scutulatus,Apocynaceae,Tabernaemontana_alba
Dolichoderinae,Dolichoderus_bispinosus,Apocynaceae,Tabernaemontana_alba
Dolichoderinae,Dolichoderus_bispinosus,Apocynaceae,Tabernaemontana_alba
Dolichoderinae,Dolichoderus_bispinosus,Apocynaceae,Tabernaemontana_alba
Pseudomyrmecinae,Pseudomyrmex_salvini,Apocynaceae,Tabernaemontana_alba
Pseudomyrmecinae,Pseudomyrmex_simplex,Apocynaceae,Tabernaemontana_alba
Pseudomyrmecinae,Pseudomyrmex_simplex,Apocynaceae,Tabernaemontana_alba
Dolichoderinae,Dolichoderus_bispinosus,Asteraceae,Vernonanthura_patens
Pseudomyrmecinae,Pseudomyrmex_simplex,Asteraceae,Vernonanthura_patens
Formicinae,Camponotus_raphaelis,Fabaceae,Acacia_cornigera
Pseudomyrmecinae,Pseudomyrmex_ferrugineus,Fabaceae,Acacia_cornigera
Pseudomyrmecinae,Pseudomyrmex_gracilis,Fabaceae,Acacia_cornigera
Myrmicinae,Solenopsis_geminata,Fabaceae,Acacia_cornigera
Formicinae,Camponotus_novogranadensis,Ulmaceae,Ampelocera_hottlei
Myrmicinae,Pheidole_dossera,Ulmaceae,Ampelocera_hottlei
Dolichoderinae,Dolichoderus_bispinosus,Araceae,Anthurium_sp3
Formicinae,Camponotus_novogranadensis,Calophyllaceae,Calophyllum_brasiliense
Formicinae,Camponotus_plantatus,Capparaceae,Craeteva_tapia
Pseudomyrmecinae,Pseudomyrmex_ferrugineus,Capparaceae,Craeteva_tapia
Formicinae,Camponotus_novogranadensis,Araceae,Dieffenbachia_seguine
Formicinae,Camponotus_plantatus,Araceae,Dieffenbachia_seguine
Myrmicinae,Pheidole_sp2,Araceae,Dieffenbachia_seguine
Pseudomyrmecinae,Pseudomyrmex_ferrugineus,Araceae,Dieffenbachia_seguine
Pseudomyrmecinae,Pseudomyrmex_salvini,Araceae,Dieffenbachia_seguine
Dolichoderinae,Azteca_nigra,Myrtaceae,Eugenia_acapulcensis
Formicinae,Camponotus_novogranadensis,Myrtaceae,Eugenia_acapulcensis
Dolichoderinae,Dolichoderus_bispinosus,Meliaceae,Guarea_grandifolia
Pseudomyrmecinae,Pseudomyrmex_ferrugineus,Meliaceae,Guarea_grandifolia
Pseudomyrmecinae,Pseudomyrmex_boopis,Fabaceae,Inga_paroniana
Dolichoderinae,Azteca_nigra,Fabaceae,Machaerium_floribundum
Pseudomyrmecinae,Pseudomyrmex_ferrugineus,Fabaceae,Machaerium_floribundum
Ponerinae,Neoponera_unidentata,Euphorbiaceae,Omphalea_deifera
Formicinae,Camponotus_plantatus,Rubiaceae,Psychotria_chiapensis
Pseudomyrmecinae,Pseudomyrmex_ferrugineus,Rubiaceae,Psychotria_chiapensis
Formicinae,Camponotus_plantatus,Clusiaceae ,Rheedia_edulis
Pseudomyrmecinae,Pseudomyrmex_ferrugineus,Clusiaceae ,Rheedia_edulis
Myrmicinae,Solenopsis_geminata,Violaceae,Rinorea_humelii
Pseudomyrmecinae,Pseudomyrmex_ferrugineus,Boraginaceae,Rochefortia_lundellii
Formicinae,Camponotus_plantatus,Araceae,Syngonium_podophylum
Pseudomyrmecinae,Pseudomyrmex_ferrugineus,Araceae,Syngonium_podophylum
Pseudomyrmecinae,Pseudomyrmex_ferrugineus,Araceae,Syngonium_podophylum
Pseudomyrmecinae,Pseudomyrmex_salvini,Araceae,Syngonium_podophylum
Formicinae,Camponotus_raphaelis,Apocynaceae,Tabernaemontana_alba
Pseudomyrmecinae,Pseudomyrmex_ferrugineus,Apocynaceae,Tabernaemontana_alba
Formicinae,Camponotus_plantatus,Unidentified,Unidentified_sp4
Formicinae,Camponotus_novogranadensis,Fabaceae,Vatairea_lundellii
Pseudomyrmecinae,Pseudomyrmex_ferrugineus,Fabaceae,Acacia_cornigera
Pseudomyrmecinae,Pseudomyrmex_ferrugineus,Fabaceae,Acacia_cornigera
Dolichoderinae,Dolichoderus_bispinosus,Solanaceae,Cestrum_glanduliferum
Ponerinae,Neoponera_unidentata,Solanaceae,Cestrum_glanduliferum
Pseudomyrmecinae,Pseudomyrmex_boopis,Solanaceae,Cestrum_glanduliferum
Pseudomyrmecinae,Pseudomyrmex_gracilis,Solanaceae,Cestrum_glanduliferum
Pseudomyrmecinae,Pseudomyrmex_salvini,Sapindaceae,Cupania_dentata
Formicinae,Camponotus_sp1,Fabaceae,Erythrina_folkersii
Myrmicinae,Cephalotes_scutulatus,Fabaceae,Erythrina_folkersii
Ponerinae,Neoponera_unidentata,Fabaceae,Erythrina_folkersii
Pseudomyrmecinae,Pseudomyrmex_salvini,Fabaceae,Erythrina_folkersii
Dolichoderinae,Azteca_nigra,Primulaceae,Parathesis_macronema
Pseudomyrmecinae,Pseudomyrmex_simplex,Primulaceae,Parathesis_macronema
Formicinae,Camponotus_plantatus,Piperaceae,Piper_hispidum
Formicinae,Camponotus_novogranadensis,Piperaceae,Piper_lapathifolium
Pseudomyrmecinae,Pseudomyrmex_boopis,Piperaceae,Piper_lapathifolium
Dolichoderinae,Azteca_nigra,Rubiaceae,Psychotria_limonensis
Dolichoderinae,Azteca_nigra,Rubiaceae,Psychotria_limonensis
Dolichoderinae,Azteca_nigra,Rubiaceae,Psychotria_limonensis
Formicinae,Camponotus_linnaei,Rubiaceae,Psychotria_limonensis
Formicinae,Camponotus_linnaei,Rubiaceae,Psychotria_limonensis
Formicinae,Camponotus_linnaei,Rubiaceae,Psychotria_limonensis
Formicinae,Camponotus_linnaei,Rubiaceae,Psychotria_limonensis
Formicinae,Camponotus_plantatus,Rubiaceae,Psychotria_limonensis
Formicinae,Camponotus_plantatus,Rubiaceae,Psychotria_limonensis
Myrmicinae,Cephalotes_cristatus,Rubiaceae,Psychotria_limonensis
Myrmicinae,Cephalotes_scutulatus,Rubiaceae,Psychotria_limonensis
Myrmicinae,Cephalotes_umbraculatus,Rubiaceae,Psychotria_limonensis
Dolichoderinae,Dolichoderus_bispinosus,Rubiaceae,Psychotria_limonensis
Dolichoderinae,Dolichoderus_bispinosus,Rubiaceae,Psychotria_limonensis
Dolichoderinae,Dolichoderus_bispinosus,Rubiaceae,Psychotria_limonensis
Dolichoderinae,Dolichoderus_bispinosus,Rubiaceae,Psychotria_limonensis
Dolichoderinae,Dolichoderus_bispinosus,Rubiaceae,Psychotria_limonensis
Dolichoderinae,Dolichoderus_bispinosus,Rubiaceae,Psychotria_limonensis
Dolichoderinae,Dolichoderus_bispinosus,Rubiaceae,Psychotria_limonensis
Ponerinae,Neoponera_unidentata,Rubiaceae,Psychotria_limonensis
Myrmicinae,Pheidole_sp1,Rubiaceae,Psychotria_limonensis
Pseudomyrmecinae,Pseudomyrmex_boopis,Rubiaceae,Psychotria_limonensis
Pseudomyrmecinae,Pseudomyrmex_boopis,Rubiaceae,Psychotria_limonensis
Pseudomyrmecinae,Pseudomyrmex_boopis,Rubiaceae,Psychotria_limonensis
Pseudomyrmecinae,Pseudomyrmex_salvini,Rubiaceae,Psychotria_limonensis
Pseudomyrmecinae,Pseudomyrmex_salvini,Rubiaceae,Psychotria_limonensis
Pseudomyrmecinae,Pseudomyrmex_salvini,Rubiaceae,Psychotria_limonensis
Pseudomyrmecinae,Pseudomyrmex_salvini,Rubiaceae,Psychotria_limonensis
Pseudomyrmecinae,Pseudomyrmex_salvini,Rubiaceae,Psychotria_limonensis
Pseudomyrmecinae,Pseudomyrmex_simplex,Rubiaceae,Psychotria_limonensis
Dolichoderinae,Tapinoma_sp1,Rubiaceae,Psychotria_limonensis
Myrmicinae,Wasmannia_auropunctata,Rubiaceae,Psychotria_limonensis
Myrmicinae,Wasmannia_auropunctata,Rubiaceae,Psychotria_limonensis
Ponerinae,Neoponera_unidentata,Fabaceae,Senna_papillosa
Pseudomyrmecinae,Pseudomyrmex_salvini,Fabaceae,Senna_papillosa
Dolichoderinae,Dolichoderus_bispinosus,Apocynaceae,Stemmadenia_donnell-smithii
Pseudomyrmecinae,Pseudomyrmex_boopis,Apocynaceae,Stemmadenia_donnell-smithii
Pseudomyrmecinae,Pseudomyrmex_salvini,Araceae,Syngonium_podophylum
Formicinae,Camponotus_plantatus,Unidentified,Unidentified_sp4
Dolichoderinae,Dolichoderus_bispinosus,Unidentified,Unidentified_sp4
Formicinae,Camponotus_raphaelis,Lamiaceae,Aegiphila_costaricensis
Myrmicinae,Cephalotes_scutulatus,Lamiaceae,Aegiphila_costaricensis
Myrmicinae,Pheidole_dossera,Lamiaceae,Aegiphila_costaricensis
Myrmicinae,Pheidole_sp2,Lamiaceae,Aegiphila_costaricensis
Pseudomyrmecinae,Pseudomyrmex_ferrugineus,Lamiaceae,Aegiphila_costaricensis
Formicinae,Camponotus_plantatus,Arecaceae,Astrocarium_mexicanum
Dolichoderinae,Dolichoderus_bispinosus,Arecaceae,Astrocarium_mexicanum
Ponerinae,Neoponera_unidentata,Arecaceae,Astrocarium_mexicanum
Ponerinae,Neoponera_villosa,Arecaceae,Astrocarium_mexicanum
Pseudomyrmecinae,Pseudomyrmex_boopis,Arecaceae,Astrocarium_mexicanum
Myrmicinae,Pheidole_sp2,Urticaceae,Cecropia_obtusifolia
Pseudomyrmecinae,Pseudomyrmex_ferrugineus,Urticaceae,Cecropia_obtusifolia
Formicinae,Camponotus_novogranadensis,Arecaceae,Chamaedorea_ernesti-augusti
Formicinae,Camponotus_raphaelis,Arecaceae,Chamaedorea_ernesti-augusti
Myrmicinae,Pheidole_sp2,Arecaceae,Chamaedorea_ernesti-augusti
Formicinae,Camponotus_plantatus,Arecaceae,Chamaedorea_tepejilote
Myrmicinae,Temnothorax_sp2,Arecaceae,Chamaedorea_tepejilote
Formicinae,Camponotus_raphaelis,Costaceae,Costus_scaber
Myrmicinae,Temnothorax_sp2,Costaceae,Costus_scaber
Formicinae,Camponotus_novogranadensis,Primulaceae,Deherainia_smaragdina
Myrmicinae,Pheidole_sp2,Primulaceae,Deherainia_smaragdina
Myrmicinae,Procryptocerus_paleatus,Primulaceae,Deherainia_smaragdina
Myrmicinae,Temnothorax_sp2,Primulaceae,Deherainia_smaragdina
Myrmicinae,Temnothorax_sp2,Primulaceae,Deherainia_smaragdina
Formicinae,Camponotus_plantatus,Rubiaceae,Hamelia_longipes
Myrmicinae,Cephalotes_cristatus,Rubiaceae,Hamelia_longipes
Myrmicinae,Procryptocerus_paleatus,Rubiaceae,Hamelia_longipes
Pseudomyrmecinae,Pseudomyrmex_gracilis,Rubiaceae,Hamelia_longipes
Formicinae,Camponotus_linnaei,Annonaceae,Malmea_sp1
Myrmicinae,Pheidole_dossera,Araceae,Monstera_tuberculata
Ponerinae,Neoponera_unidentata,Urticaceae,Myriocarpa_longipes
Formicinae,Camponotus_integellus,Piperaceae,Piper_hispidum
Dolichoderinae,Dolichoderus_bispinosus,Piperaceae,Piper_hispidum
Myrmicinae,Pheidole_dossera,Rubiaceae,Psychotria_limonensis
Myrmicinae,Pheidole_dossera,Pteridaceae,Pteris_altissima
Myrmicinae,Pheidole_sp2,Siparunaceae,Siparuna_andina
Formicinae,Camponotus_sericeventris,Araceae,Syngonium_podophylum
Pseudomyrmecinae,Pseudomyrmex_salvini,Araceae,Syngonium_podophylum
Myrmicinae,Temnothorax_sp2,Araceae,Syngonium_podophylum
Myrmicinae,Temnothorax_sp2,Meliaceae,Trichilia_minutiflora
Myrmicinae,Pheidole_sp2,Moraceae,Trophis_racemosa
Myrmicinae,Temnothorax_sp2,Moraceae,Trophis_racemosa
Formicinae,Camponotus_sericeventris,Unidentified,Unidentified_sp5
Formicinae,Camponotus_linnaei,Unidentified,Unidentified_sp6
Formicinae,Camponotus_plantatus,Unidentified,Unidentified_sp6
Formicinae,Camponotus_sericeventris,Unidentified,Unidentified_sp6
Myrmicinae,Trachymyrmex_intermedius,Unidentified,Unidentified_sp6
Formicinae,Camponotus_raphaelis,Vochysiaceae,Vochysia_hondurensis
Myrmicinae,Pheidole_dossera,Vochysiaceae,Vochysia_hondurensis
Dolichoderinae,Dolichoderus_bispinosus,Fabaceae,Acacia_cornigera
Pseudomyrmecinae,Pseudomyrmex_ferrugineus,Fabaceae,Acacia_cornigera
Pseudomyrmecinae,Pseudomyrmex_gracilis,Fabaceae,Acacia_cornigera
Dolichoderinae,Dolichoderus_bispinosus,Fabaceae,Albizia_purpusii
Ponerinae,Neoponera_unidentata,Araceae,Anthurium_matudae
Formicinae,Camponotus_plantatus,Solanaceae,Cestrum_glanduliferum
Formicinae,Camponotus_plantatus,Solanaceae,Cestrum_glanduliferum
Dolichoderinae,Dolichoderus_bispinosus,Solanaceae,Cestrum_glanduliferum
Dolichoderinae,Dolichoderus_bispinosus,Solanaceae,Cestrum_glanduliferum
Ponerinae,Neoponera_villosa,Solanaceae,Cestrum_glanduliferum
Pseudomyrmecinae,Pseudomyrmex_boopis,Solanaceae,Cestrum_glanduliferum
Pseudomyrmecinae,Pseudomyrmex_ferrugineus,Solanaceae,Cestrum_glanduliferum
Pseudomyrmecinae,Pseudomyrmex_salvini,Solanaceae,Cestrum_glanduliferum
Pseudomyrmecinae,Pseudomyrmex_salvini,Solanaceae,Cestrum_glanduliferum
Pseudomyrmecinae,Pseudomyrmex_salvini,Solanaceae,Cestrum_glanduliferum
Myrmicinae,Cephalotes_scutulatus,Rutaceae,Citrus_aurantifolia
Dolichoderinae,Dolichoderus_bispinosus,Rutaceae,Citrus_aurantifolia
Formicinae,Camponotus_plantatus,Araliaceae,Dendropanax_arboreus
Myrmicinae,Cephalotes_cristatus,Araliaceae,Dendropanax_arboreus
Ponerinae,Neoponera_unidentata,Araceae,Dieffenbachia_seguine
Pseudomyrmecinae,Pseudomyrmex_salvini,Araceae,Dieffenbachia_seguine
Pseudomyrmecinae,Pseudomyrmex_salvini,Araceae,Dieffenbachia_seguine
Dolichoderinae,Azteca_forelii,Piperaceae,Piper_hispidum
Myrmicinae,Cephalotes_cristatus,Piperaceae,Piper_hispidum
Pseudomyrmecinae,Pseudomyrmex_sp1,Piperaceae,Piper_hispidum
Dolichoderinae,Dolichoderus_bispinosus,Rubiaceae,Psychotria_limonensis
Ponerinae,Neoponera_unidentata,Rubiaceae,Psychotria_limonensis
Pseudomyrmecinae,Pseudomyrmex_ferrugineus,Rubiaceae,Psychotria_limonensis
Pseudomyrmecinae,Pseudomyrmex_salvini,Rubiaceae,Psychotria_limonensis
Formicinae,Camponotus_sericeventris,Araceae,Rhodospatha_sp2
Dolichoderinae,Dolichoderus_bispinosus,Solanaceae,Solanum_nudum
Dolichoderinae,Dolichoderus_bispinosus,Solanaceae,Solanum_nudum
Formicinae,Camponotus_plantatus,Apocynaceae,Stemmadenia_donnell-smithii
Dolichoderinae,Dolichoderus_bispinosus,Apocynaceae,Stemmadenia_donnell-smithii
Pseudomyrmecinae,Pseudomyrmex_boopis,Apocynaceae,Stemmadenia_donnell-smithii
Pseudomyrmecinae,Pseudomyrmex_salvini,Apocynaceae,Stemmadenia_donnell-smithii
Pseudomyrmecinae,Pseudomyrmex_salvini,Apocynaceae,Stemmadenia_donnell-smithii
Formicinae,Camponotus_plantatus,Araceae,Syngonium_podophylum
Myrmicinae,Cephalotes_cristatus,Araceae,Syngonium_podophylum
Myrmicinae,Procryptocerus_paleatus,Araceae,Syngonium_podophylum
Pseudomyrmecinae,Pseudomyrmex_ferrugineus,Araceae,Syngonium_podophylum
Pseudomyrmecinae,Pseudomyrmex_ferrugineus,Araceae,Syngonium_podophylum
Pseudomyrmecinae,Pseudomyrmex_boopis,Araceae,Xanthosoma_robustum
Pseudomyrmecinae,Pseudomyrmex_salvini,Bignoniaceae,Amphitecna_tuxtlensis
Pseudomyrmecinae,Pseudomyrmex_salvini,Begoniaceae,Begonia_nelumbiifolia
Formicinae,Camponotus_novogranadensis,Moraceae,Brosimum_alicastrum
Formicinae,Camponotus_sericeventris,Moraceae,Brosimum_alicastrum
Formicinae,Camponotus_sericeventris,Capparaceae,Capparis_mollicella
Formicinae,Camponotus_novogranadensis,Araceae,Dieffenbachia_seguine
Formicinae,Camponotus_novogranadensis,Araceae,Dieffenbachia_seguine
Formicinae,Camponotus_sericeventris,Araceae,Dieffenbachia_seguine
Formicinae,Camponotus_sericeventris,Araceae,Dieffenbachia_seguine
Formicinae,Camponotus_sericeventris,Araceae,Dieffenbachia_seguine
Formicinae,Camponotus_sericeventris,Araceae,Dieffenbachia_seguine
Pseudomyrmecinae,Pseudomyrmex_salvini,Araceae,Dieffenbachia_seguine
Pseudomyrmecinae,Pseudomyrmex_salvini,Araceae,Dieffenbachia_seguine
Pseudomyrmecinae,Pseudomyrmex_salvini,Araceae,Dieffenbachia_seguine
Pseudomyrmecinae,Pseudomyrmex_salvini,Araceae,Dieffenbachia_seguine
Pseudomyrmecinae,Pseudomyrmex_simplex,Araceae,Dieffenbachia_seguine
Pseudomyrmecinae,Pseudomyrmex_salvini,Dioscoreaceae,Dioscorea_composita
Formicinae,Camponotus_novogranadensis,Rubiaceae,Hamelia_longipes
Formicinae,Camponotus_plantatus,Rubiaceae,Hamelia_longipes
Ponerinae,Neoponera_unidentata,Rubiaceae,Hamelia_longipes
Pseudomyrmecinae,Pseudomyrmex_gracilis,Rubiaceae,Hamelia_longipes
Pseudomyrmecinae,Pseudomyrmex_salvini,Rubiaceae,Hamelia_longipes
Pseudomyrmecinae,Pseudomyrmex_salvini,Fabaceae,Lonchocarpus_guatemalensis
Pseudomyrmecinae,Pseudomyrmex_salvini,Euphorbiaceae,Omphalea_deifera
Formicinae,Camponotus_plantatus,Piperaceae,Piper_aductum
Formicinae,Camponotus_sericeventris,Piperaceae,Piper_aductum
Formicinae,Camponotus_plantatus,Rubiaceae,Psychotria_limonensis
Dolichoderinae,Azteca_forelii,Fabaceae,Senna_papillosa
Formicinae,Camponotus_plantatus,Fabaceae,Senna_papillosa
Pseudomyrmecinae,Pseudomyrmex_salvini,Fabaceae,Senna_papillosa
Pseudomyrmecinae,Pseudomyrmex_simplex,Fabaceae,Senna_papillosa
Formicinae,Camponotus_sericeventris,Araceae,Spathiphyllum_cochlarispatum
Dolichoderinae,Dolichoderus_bispinosus,Araceae,Spathiphyllum_cochlarispatum
Formicinae,Camponotus_sericeventris,Moraceae,Trophis_racemosa
Pseudomyrmecinae,Pseudomyrmex_salvini,Moraceae,Trophis_racemosa
Pseudomyrmecinae,Pseudomyrmex_salvini,Moraceae,Trophis_racemosa
Dolichoderinae,Azteca_nigra,Urticaceae,Urera_elata
Formicinae,Camponotus_plantatus,Lamiaceae,Aegiphila_costaricensis
Pseudomyrmecinae,Pseudomyrmex_salvini,Lamiaceae,Aegiphila_costaricensis
Pseudomyrmecinae,Pseudomyrmex_salvini,Bignoniaceae,Arrabidaea_sp1
Pseudomyrmecinae,Pseudomyrmex_simplex,Bignoniaceae,Arrabidaea_sp1
Formicinae,Camponotus_linnaei,Arecaceae,Astrocarium_mexicanum
Formicinae,Camponotus_plantatus,Arecaceae,Astrocarium_mexicanum
Ponerinae,Neoponera_unidentata,Arecaceae,Astrocarium_mexicanum
Pseudomyrmecinae,Pseudomyrmex_gracilis,Arecaceae,Astrocarium_mexicanum
Pseudomyrmecinae,Pseudomyrmex_salvini,Arecaceae,Astrocarium_mexicanum
Pseudomyrmecinae,Pseudomyrmex_salvini,Arecaceae,Astrocarium_mexicanum
Formicinae,Camponotus_novogranadensis,Cannabaceae,Celtis_iguanaea
Formicinae,Camponotus_linnaei,Arecaceae,Chamaedorea_ernesti-augusti
Dolichoderinae,Dolichoderus_bispinosus,Vitaceae,Cissus_gossypiifolia
Pseudomyrmecinae,Pseudomyrmex_salvini,Vitaceae,Cissus_gossypiifolia
Ponerinae,Neoponera_unidentata,Verbenaceae,Citharexylum_affine
Pseudomyrmecinae,Pseudomyrmex_boopis,Costaceae,Costus_dirzoe
Dolichoderinae,Dolichoderus_bispinosus,Costaceae,Costus_scaber
Pseudomyrmecinae,Pseudomyrmex_boopis,Costaceae,Costus_scaber
Ponerinae,Neoponera_unidentata,Araceae,Dieffenbachia_seguine
Pseudomyrmecinae,Pseudomyrmex_salvini,Araceae,Dieffenbachia_seguine
Pseudomyrmecinae,Pseudomyrmex_salvini,Araceae,Dieffenbachia_seguine
Formicinae,Camponotus_nitidior,Meliaceae,Guarea_bijuja
Myrmicinae,Procryptocerus_paleatus,Meliaceae,Guarea_bijuja
Pseudomyrmecinae,Pseudomyrmex_boopis,Meliaceae,Guarea_bijuja
Pseudomyrmecinae,Pseudomyrmex_boopis,Meliaceae,Guarea_bijuja
Pseudomyrmecinae,Pseudomyrmex_salvini,Meliaceae,Guarea_bijuja
Formicinae,Camponotus_sericeventris,Acanthaceae,Odontonema_calystachium
Dolichoderinae,Azteca_nigra,Solanaceae,Solandra_nitida
Myrmicinae,Cephalotes_scutulatus,Solanaceae,Solandra_nitida
Dolichoderinae,Dolichoderus_bispinosus,Araceae,Spathiphyllum_cochlarispatum
Myrmicinae,Procryptocerus_paleatus,Araceae,Spathiphyllum_cochlarispatum
Pseudomyrmecinae,Pseudomyrmex_boopis,Araceae,Spathiphyllum_cochlarispatum
Pseudomyrmecinae,Pseudomyrmex_salvini,Araceae,Spathiphyllum_cochlarispatum
Formicinae,Camponotus_novogranadensis,Araceae,Syngonium_podophylum
Ponerinae,Neoponera_unidentata,Unidentified,Unidentified_sp7
Formicinae,Camponotus_sanctafidei,Unidentified,Unidentified_sp8
Pseudomyrmecinae,Pseudomyrmex_ferrugineus,Fabaceae,Acacia_cornigera
Formicinae,Camponotus_plantatus,Euphorbiaceae,Acalypha_diversifolia
Ponerinae,Neoponera_unidentata,Apocynaceae,Aspidosperma_megalocarpon
Formicinae,Camponotus_plantatus,Moraceae,Brosimum_alicastrum
Formicinae,Camponotus_plantatus,Vitaceae,Cissus_gossypiifolia
Formicinae,Camponotus_plantatus,Vitaceae,Cissus_gossypiifolia
Dolichoderinae,Dolichoderus_bispinosus,Vitaceae,Cissus_gossypiifolia
Ponerinae,Neoponera_unidentata,Vitaceae,Cissus_gossypiifolia
Pseudomyrmecinae,Pseudomyrmex_ferrugineus,Vitaceae,Cissus_gossypiifolia
Formicinae,Camponotus_plantatus,Araceae,Dieffenbachia_seguine
Ponerinae,Neoponera_unidentata,Araceae,Dieffenbachia_seguine
Formicinae,Camponotus_linnaei,Fabaceae,Erythrina_folkersii
Pseudomyrmecinae,Pseudomyrmex_ferrugineus,Fabaceae,Erythrina_folkersii
Pseudomyrmecinae,Pseudomyrmex_salvini,Fabaceae,Erythrina_folkersii
Formicinae,Camponotus_plantatus,Euphorbiaceae,Euphorbia_heterofila
Pseudomyrmecinae,Pseudomyrmex_gracilis,Euphorbiaceae,Euphorbia_heterofila
Dolichoderinae,Dolichoderus_bispinosus,Malvaceae,Hampea_nutricia
Formicinae,Camponotus_plantatus,Heliconiaceae,Heliconia_uxpanapensis
Pseudomyrmecinae,Pseudomyrmex_salvini,Heliconiaceae,Heliconia_uxpanapensis
Formicinae,Camponotus_integellus,Convolvulaceae,Ipomoea_philomega
Formicinae,Camponotus_plantatus,Convolvulaceae,Ipomoea_philomega
Formicinae,Camponotus_linnaei,Lauraceae,Licaria_sp1
Formicinae,Camponotus_plantatus,Lygodiaceae,Lygodium heterodoxum
Formicinae,Camponotus_linnaei,Urticaceae,Myriocarpa_longipes
Formicinae,Camponotus_plantatus,Urticaceae,Myriocarpa_longipes
Dolichoderinae,Dolichoderus_bispinosus,Urticaceae,Myriocarpa_longipes
Dolichoderinae,Dolichoderus_lutosus,Urticaceae,Myriocarpa_longipes
Ponerinae,Neoponera_unidentata,Urticaceae,Myriocarpa_longipes
Pseudomyrmecinae,Pseudomyrmex_boopis,Urticaceae,Myriocarpa_longipes
Pseudomyrmecinae,Pseudomyrmex_gracilis,Urticaceae,Myriocarpa_longipes
Pseudomyrmecinae,Pseudomyrmex_salvini,Urticaceae,Myriocarpa_longipes
Formicinae,Camponotus_linnaei,Piperaceae,Piper_sanctum
Formicinae,Camponotus_plantatus,Piperaceae,Piper_sanctum
Formicinae,Camponotus_plantatus,Piperaceae,Piper_sanctum
Pseudomyrmecinae,Pseudomyrmex_ferrugineus,Piperaceae,Piper_sanctum
Formicinae,Camponotus_plantatus,Sapindaceae,Serjania_sp1
Pseudomyrmecinae,Pseudomyrmex_salvini,Sapindaceae,Serjania_sp1
Pseudomyrmecinae,Pseudomyrmex_salvini,Araceae,Syngonium_sp1